<?xml version="1.0" encoding="UTF-8" standalone="no"?>
<annotation>
  <object>
    <labelId>band1</labelId>
    <start>10.814692283950617</start>
    <end>17.36396245590829</end>
    <id>0</id>
    <labelName>波段一</labelName>
  </object>
  <object>
    <labelId>band2</labelId>
    <start>22.9728246031746</start>
    <end>29.555680776014107</end>
    <id>1</id>
    <labelName>波段二</labelName>
  </object>
  <object>
    <labelId>band1</labelId>
    <start>35.198128924162255</start>
    <end>40.739819069664904</end>
    <id>2</id>
    <labelName>波段一</labelName>
  </object>
</annotation>
