{
  "images": [
    {
      "file_name": "0001.jpg",
      "height": "",
      "width": "",
      "id": 1
    },
    {
      "file_name": "0002.jpg",
      "height": "",
      "width": "",
      "id": 2
    },
    {
      "file_name": "0003.jpg",
      "height": "",
      "width": "",
      "id": 3
    },
    {
      "file_name": "0004.jpg",
      "height": "",
      "width": "",
      "id": 4
    },
    {
      "file_name": "0005.jpg",
      "height": "",
      "width": "",
      "id": 5
    }
  ],
  "annotations": [
    {
        "segmentation": "null",
        "area": 1.1,
        "iscrowd": 0,
        "image_id": 1,
        "id": 1,
        "category_id": 1,
        "bbox": [
            362,
            224,
            37,
            63
        ]
    },
    {
        "segmentation": "null",
        "area": 1.1,
        "iscrowd": 0,
        "image_id": 1,
        "id": 2,
        "category_id": 4,
        "bbox": [
            238,
            293,
            52,
            49
        ]
    },
    {
        "segmentation": "null",
        "area": 1.1,
        "iscrowd": 0,
        "image_id": 1,
        "id": 3,
        "category_id": 3,
        "bbox": [
            298,
            269,
            43,
            29
        ]
    },
    {
        "segmentation": "null",
        "area": 1.1,
        "iscrowd": 0,
        "image_id": 1,
        "id": 4,
        "category_id": 0,
        "bbox": [
            340,
            321,
            47,
            27
        ]
    },
    {
        "segmentation": "null",
        "area": 1.1,
        "iscrowd": 0,
        "image_id": 1,
        "id": 5,
        "category_id": 5,
        "bbox": [
            414,
            305,
            40,
            18
        ]
    },
    {
        "segmentation": "null",
        "area": 1.1,
        "iscrowd": 0,
        "image_id": 1,
        "id": 6,
        "category_id": 2,
        "bbox": [
            432,
            259,
            23,
            15
        ]
    },
    {
        "segmentation": "null",
        "area": 1.1,
        "iscrowd": 0,
        "image_id": 1,
        "id": 7,
        "category_id": 5,
        "bbox": [
            243,
            404,
            18,
            31
        ]
    },
    {
        "segmentation": "null",
        "area": 1.1,
        "iscrowd": 0,
        "image_id": 2,
        "id": 8,
        "category_id": 1,
        "bbox": [
            272,
            170,
            56,
            78
        ]
    },
    {
        "segmentation": "null",
        "area": 1.1,
        "iscrowd": 0,
        "image_id": 2,
        "id": 9,
        "category_id": 4,
        "bbox": [
            172,
            370,
            73,
            33
        ]
    },
    {
        "segmentation": "null",
        "area": 1.1,
        "iscrowd": 0,
        "image_id": 2,
        "id": 10,
        "category_id": 0,
        "bbox": [
            272,
            390,
            42,
            33
        ]
    },
    {
        "segmentation": "null",
        "area": 1.1,
        "iscrowd": 0,
        "image_id": 2,
        "id": 11,
        "category_id": 3,
        "bbox": [
            338,
            326,
            37,
            42
        ]
    },
    {
        "segmentation": "null",
        "area": 1.1,
        "iscrowd": 0,
        "image_id": 2,
        "id": 12,
        "category_id": 5,
        "bbox": [
            218,
            273,
            31,
            37
        ]
    },
    {
        "segmentation": "null",
        "area": 1.1,
        "iscrowd": 0,
        "image_id": 3,
        "id": 13,
        "category_id": 1,
        "bbox": [
            381,
            328,
            82,
            76
        ]
    },
    {
        "segmentation": "null",
        "area": 1.1,
        "iscrowd": 0,
        "image_id": 3,
        "id": 14,
        "category_id": 4,
        "bbox": [
            204,
            302,
            42,
            58
        ]
    },
    {
        "segmentation": "null",
        "area": 1.1,
        "iscrowd": 0,
        "image_id": 3,
        "id": 15,
        "category_id": 5,
        "bbox": [
            269,
            369,
            30,
            40
        ]
    },
    {
        "segmentation": "null",
        "area": 1.1,
        "iscrowd": 0,
        "image_id": 3,
        "id": 16,
        "category_id": 3,
        "bbox": [
            308,
            261,
            40,
            39
        ]
    },
    {
        "segmentation": "null",
        "area": 1.1,
        "iscrowd": 0,
        "image_id": 3,
        "id": 17,
        "category_id": 0,
        "bbox": [
            198,
            230,
            36,
            33
        ]
    },
    {
        "segmentation": "null",
        "area": 1.1,
        "iscrowd": 0,
        "image_id": 4,
        "id": 18,
        "category_id": 4,
        "bbox": [
            191,
            359,
            54,
            69
        ]
    },
    {
        "segmentation": "null",
        "area": 1.1,
        "iscrowd": 0,
        "image_id": 4,
        "id": 19,
        "category_id": 1,
        "bbox": [
            362,
            186,
            54,
            79
        ]
    },
    {
        "segmentation": "null",
        "area": 1.1,
        "iscrowd": 0,
        "image_id": 4,
        "id": 20,
        "category_id": 3,
        "bbox": [
            234,
            270,
            46,
            30
        ]
    },
    {
        "segmentation": "null",
        "area": 1.1,
        "iscrowd": 0,
        "image_id": 4,
        "id": 21,
        "category_id": 0,
        "bbox": [
            407,
            320,
            38,
            43
        ]
    },
    {
        "segmentation": "null",
        "area": 1.1,
        "iscrowd": 0,
        "image_id": 4,
        "id": 22,
        "category_id": 5,
        "bbox": [
            355,
            440,
            47,
            29
        ]
    },
    {
        "segmentation": "null",
        "area": 1.1,
        "iscrowd": 0,
        "image_id": 5,
        "id": 23,
        "category_id": 4,
        "bbox": [
            239,
            332,
            49,
            66
        ]
    },
    {
        "segmentation": "null",
        "area": 1.1,
        "iscrowd": 0,
        "image_id": 5,
        "id": 24,
        "category_id": 3,
        "bbox": [
            291,
            249,
            35,
            45
        ]
    },
    {
        "segmentation": "null",
        "area": 1.1,
        "iscrowd": 0,
        "image_id": 5,
        "id": 25,
        "category_id": 2,
        "bbox": [
            341,
            299,
            36,
            33
        ]
    },
    {
        "segmentation": "null",
        "area": 1.1,
        "iscrowd": 0,
        "image_id": 5,
        "id": 26,
        "category_id": 0,
        "bbox": [
            355,
            356,
            23,
            48
        ]
    },
    {
        "segmentation": "null",
        "area": 1.1,
        "iscrowd": 0,
        "image_id": 5,
        "id": 27,
        "category_id": 5,
        "bbox": [
            384,
            400,
            30,
            31
        ]
    }
],
  "info": {"description":"存放相关描述信息"},
  "licenses": [{"licenses":"存放相关权限信息"}],
  "image_nums": 5,
  "categories": [
    {
      "supercategory": "none",
      "id": 0,
      "name": "linnaeus"
    },
    {
      "supercategory": "none",
      "id": 1,
      "name": "leconte"
    },
    {
      "supercategory": "none",
      "id": 2,
      "name": "acuminatus"
    },
    {
      "supercategory": "none",
      "id": 3,
      "name": "armandi"
    },
    {
      "supercategory": "none",
      "id": 4,
      "name": "boerner"
    },
    {
      "supercategory": "none",
      "id": 5,
      "name": "coleoptera"
    }
  ]
}