<annotation>
	<folder>JPEGImages</folder>
	<filename>0001.jpg</filename>
	<source>
		<database>Unknown</database>
	</source>
	<size>
		<width>647</width>
		<height>647</height>
		<depth>3</depth>
	</size>
	<segmented>0</segmented>
	<object>
		<name>leconte</name>
		<pose>Unspecified</pose>
		<truncated>0</truncated>
		<difficult>0</difficult>
		<bndbox>
			<xmin>362</xmin>
			<ymin>224</ymin>
			<xmax>399</xmax>
			<ymax>287</ymax>
		</bndbox>
	</object>
	<object>
		<name>boerner</name>
		<pose>Unspecified</pose>
		<truncated>0</truncated>
		<difficult>0</difficult>
		<bndbox>
			<xmin>238</xmin>
			<ymin>293</ymin>
			<xmax>290</xmax>
			<ymax>342</ymax>
		</bndbox>
	</object>
	<object>
		<name>armandi</name>
		<pose>Unspecified</pose>
		<truncated>0</truncated>
		<difficult>0</difficult>
		<bndbox>
			<xmin>298</xmin>
			<ymin>269</ymin>
			<xmax>341</xmax>
			<ymax>298</ymax>
		</bndbox>
	</object>
	<object>
		<name>linnaeus</name>
		<pose>Unspecified</pose>
		<truncated>0</truncated>
		<difficult>0</difficult>
		<bndbox>
			<xmin>340</xmin>
			<ymin>321</ymin>
			<xmax>387</xmax>
			<ymax>348</ymax>
		</bndbox>
	</object>
	<object>
		<name>coleoptera</name>
		<pose>Unspecified</pose>
		<truncated>0</truncated>
		<difficult>0</difficult>
		<bndbox>
			<xmin>414</xmin>
			<ymin>305</ymin>
			<xmax>454</xmax>
			<ymax>323</ymax>
		</bndbox>
	</object>
	<object>
		<name>acuminatus</name>
		<pose>Unspecified</pose>
		<truncated>0</truncated>
		<difficult>0</difficult>
		<bndbox>
			<xmin>432</xmin>
			<ymin>259</ymin>
			<xmax>455</xmax>
			<ymax>274</ymax>
		</bndbox>
	</object>
	<object>
		<name>coleoptera</name>
		<pose>Unspecified</pose>
		<truncated>0</truncated>
		<difficult>0</difficult>
		<bndbox>
			<xmin>243</xmin>
			<ymin>404</ymin>
			<xmax>261</xmax>
			<ymax>435</ymax>
		</bndbox>
	</object>
</annotation>
