<annotation>
	<folder>JPEGImages</folder>
	<filename>0002.jpg</filename>
	<source>
		<database>Unknown</database>
	</source>
	<size>
		<width>618</width>
		<height>618</height>
		<depth>3</depth>
	</size>
	<segmented>0</segmented>
	<object>
		<name>leconte</name>
		<pose>Unspecified</pose>
		<truncated>0</truncated>
		<difficult>0</difficult>
		<bndbox>
			<xmin>272</xmin>
			<ymin>170</ymin>
			<xmax>328</xmax>
			<ymax>248</ymax>
		</bndbox>
	</object>
	<object>
		<name>boerner</name>
		<pose>Unspecified</pose>
		<truncated>0</truncated>
		<difficult>0</difficult>
		<bndbox>
			<xmin>172</xmin>
			<ymin>370</ymin>
			<xmax>245</xmax>
			<ymax>403</ymax>
		</bndbox>
	</object>
	<object>
		<name>linnaeus</name>
		<pose>Unspecified</pose>
		<truncated>0</truncated>
		<difficult>0</difficult>
		<bndbox>
			<xmin>272</xmin>
			<ymin>390</ymin>
			<xmax>314</xmax>
			<ymax>423</ymax>
		</bndbox>
	</object>
	<object>
		<name>armandi</name>
		<pose>Unspecified</pose>
		<truncated>0</truncated>
		<difficult>0</difficult>
		<bndbox>
			<xmin>338</xmin>
			<ymin>326</ymin>
			<xmax>375</xmax>
			<ymax>368</ymax>
		</bndbox>
	</object>
	<object>
		<name>coleoptera</name>
		<pose>Unspecified</pose>
		<truncated>0</truncated>
		<difficult>0</difficult>
		<bndbox>
			<xmin>218</xmin>
			<ymin>273</ymin>
			<xmax>249</xmax>
			<ymax>310</ymax>
		</bndbox>
	</object>
</annotation>
