<annotation>
	<folder>JPEGImages</folder>
	<filename>0003.jpg</filename>
	<source>
		<database>Unknown</database>
	</source>
	<size>
		<width>620</width>
		<height>620</height>
		<depth>3</depth>
	</size>
	<segmented>0</segmented>
	<object>
		<name>leconte</name>
		<pose>Unspecified</pose>
		<truncated>0</truncated>
		<difficult>0</difficult>
		<bndbox>
			<xmin>381</xmin>
			<ymin>328</ymin>
			<xmax>463</xmax>
			<ymax>404</ymax>
		</bndbox>
	</object>
	<object>
		<name>boerner</name>
		<pose>Unspecified</pose>
		<truncated>0</truncated>
		<difficult>0</difficult>
		<bndbox>
			<xmin>204</xmin>
			<ymin>302</ymin>
			<xmax>246</xmax>
			<ymax>360</ymax>
		</bndbox>
	</object>
	<object>
		<name>coleoptera</name>
		<pose>Unspecified</pose>
		<truncated>0</truncated>
		<difficult>0</difficult>
		<bndbox>
			<xmin>269</xmin>
			<ymin>369</ymin>
			<xmax>299</xmax>
			<ymax>409</ymax>
		</bndbox>
	</object>
	<object>
		<name>armandi</name>
		<pose>Unspecified</pose>
		<truncated>0</truncated>
		<difficult>0</difficult>
		<bndbox>
			<xmin>308</xmin>
			<ymin>261</ymin>
			<xmax>348</xmax>
			<ymax>300</ymax>
		</bndbox>
	</object>
	<object>
		<name>linnaeus</name>
		<pose>Unspecified</pose>
		<truncated>0</truncated>
		<difficult>0</difficult>
		<bndbox>
			<xmin>198</xmin>
			<ymin>230</ymin>
			<xmax>234</xmax>
			<ymax>263</ymax>
		</bndbox>
	</object>
</annotation>
