<annotation>
	<folder>JPEGImages</folder>
	<filename>0004.jpg</filename>
	<source>
		<database>Unknown</database>
	</source>
	<size>
		<width>729</width>
		<height>729</height>
		<depth>3</depth>
	</size>
	<segmented>0</segmented>
	<object>
		<name>boerner</name>
		<pose>Unspecified</pose>
		<truncated>0</truncated>
		<difficult>0</difficult>
		<bndbox>
			<xmin>191</xmin>
			<ymin>359</ymin>
			<xmax>245</xmax>
			<ymax>428</ymax>
		</bndbox>
	</object>
	<object>
		<name>leconte</name>
		<pose>Unspecified</pose>
		<truncated>0</truncated>
		<difficult>0</difficult>
		<bndbox>
			<xmin>362</xmin>
			<ymin>186</ymin>
			<xmax>416</xmax>
			<ymax>265</ymax>
		</bndbox>
	</object>
	<object>
		<name>armandi</name>
		<pose>Unspecified</pose>
		<truncated>0</truncated>
		<difficult>0</difficult>
		<bndbox>
			<xmin>234</xmin>
			<ymin>270</ymin>
			<xmax>280</xmax>
			<ymax>300</ymax>
		</bndbox>
	</object>
	<object>
		<name>linnaeus</name>
		<pose>Unspecified</pose>
		<truncated>0</truncated>
		<difficult>0</difficult>
		<bndbox>
			<xmin>407</xmin>
			<ymin>320</ymin>
			<xmax>445</xmax>
			<ymax>363</ymax>
		</bndbox>
	</object>
	<object>
		<name>coleoptera</name>
		<pose>Unspecified</pose>
		<truncated>0</truncated>
		<difficult>0</difficult>
		<bndbox>
			<xmin>355</xmin>
			<ymin>440</ymin>
			<xmax>402</xmax>
			<ymax>469</ymax>
		</bndbox>
	</object>
</annotation>
