<annotation>
	<folder>JPEGImages</folder>
	<filename>0005.jpg</filename>
	<source>
		<database>Unknown</database>
	</source>
	<size>
		<width>611</width>
		<height>611</height>
		<depth>3</depth>
	</size>
	<segmented>0</segmented>
	<object>
		<name>boerner</name>
		<pose>Unspecified</pose>
		<truncated>0</truncated>
		<difficult>0</difficult>
		<bndbox>
			<xmin>239</xmin>
			<ymin>332</ymin>
			<xmax>288</xmax>
			<ymax>398</ymax>
		</bndbox>
	</object>
	<object>
		<name>armandi</name>
		<pose>Unspecified</pose>
		<truncated>0</truncated>
		<difficult>0</difficult>
		<bndbox>
			<xmin>291</xmin>
			<ymin>249</ymin>
			<xmax>326</xmax>
			<ymax>294</ymax>
		</bndbox>
	</object>
	<object>
		<name>acuminatus</name>
		<pose>Unspecified</pose>
		<truncated>0</truncated>
		<difficult>0</difficult>
		<bndbox>
			<xmin>341</xmin>
			<ymin>299</ymin>
			<xmax>377</xmax>
			<ymax>332</ymax>
		</bndbox>
	</object>
	<object>
		<name>linnaeus</name>
		<pose>Unspecified</pose>
		<truncated>0</truncated>
		<difficult>0</difficult>
		<bndbox>
			<xmin>355</xmin>
			<ymin>356</ymin>
			<xmax>378</xmax>
			<ymax>404</ymax>
		</bndbox>
	</object>
	<object>
		<name>coleoptera</name>
		<pose>Unspecified</pose>
		<truncated>0</truncated>
		<difficult>0</difficult>
		<bndbox>
			<xmin>384</xmin>
			<ymin>400</ymin>
			<xmax>414</xmax>
			<ymax>431</ymax>
		</bndbox>
	</object>
</annotation>
